Name,Tm,Age,Salary
Marcus Semien,TOR,30,$18000000
Carlos Correa,HOU,26,$11700000
Juan Soto,WSN,22,$8500000
Vladimir Guerrero Jr.,TOR,22,
Jose Ramirez,CLE,28,$9400000
Fernando Tatis Jr.,SDP,22,$1714286
Trea Turner,2TM,28,$13000000
Tyler O Neill,STL,26,
Paul Goldschmidt,STL,33,$26000000
Austin Riley,ATL,24,
Brandon Crawford,SFG,34,$15200000
Aaron Judge,NYY,29,$10175000
Bryan Reynolds,PIT,26,
Bo Bichette,TOR,23,
Bryce Harper,PHI,28,$27538462
Matt Olson,OAK,27,$5000000
Kyle Tucker,HOU,24,
Cedric Mullins,BAL,26,
Salvador Perez,KCR,31,$14200000
Manny Machado,SDP,28,$32000000
Max Muncy,LAD,30,$9000000
Shohei Ohtani,LAA,26,$3000000
Jorge Polanco,MIN,27,$4333333
Xander Bogaerts,BOS,28,$20000000
Enrique Hernandez,BOS,29,$6000000
Jake Cronenworth,SDP,27,
Tim Anderson,CHW,28,$7250000
Starling Marte,2TM,32,$12500000
Brandon Lowe,TBR,26,$2500000
Freddie Freeman,ATL,31,$22000000
Joey Gallo,2TM,27,$6200000
Byron Buxton,MIN,27,$5125000
Javier Baez,2TM,28,$11600000
Jose Altuve,HOU,31,$29000000
Ty France,SEA,26,
Nicky Lopez,KCR,26,
Trevor Story,COL,28,$18500000
Willy Adames,2TM,25,
Pete Alonso,NYM,26,
Mookie Betts,LAD,28,$22916667
Nolan Arenado,STL,30,$35000000
Randy Arozarena,TBR,26,
Willson Contreras,CHC,29,$6650000
Yoan Moncada,CHW,26,$6800000
Adam Frazier,2TM,29,$4300000
Ryan McMahon,COL,26,$2375000
Harrison Bader,STL,27,$2000000
Jonathan India,CIN,24,
Teoscar Hernandez,TOR,28,$4320000
Jeimer Candelario,DET,27,$2850000
Adolis García,TEX,28,
J P Crawford,SEA,26,$2050000
Joey Wendle,TBR,31,$2250000
Mike Zunino,TBR,30,$2000000
Yasmani Grandal,CHW,32,$18250000
Yuli Gurriel,HOU,37,$6500000
Jean Segura,PHI,31,$14850000
Corey Seager,LAD,27,$13750000
Justin Turner,LAD,36,$12000000
Tommy Edman,STL,26,
Isiah Kiner Falefa,TEX,26,$2000000
Whit Merrifield,KCR,32,$6750000
Luis Robert,CHW,23,$3500000
Ronald Acuna Jr.,ATL,23,$5000000
Brandon Nimmo,NYM,28,$4700000
Matt Chapman,OAK,28,$6490000
Rafael Devers,BOS,24,$4575000
Wander Franco,TBR,20,
Joey Votto,CIN,37,$25000000
J T Realmuto,PHI,30,$20000000
Buster Posey,SFG,34,$22177778
Will Smith,LAD,26,
Luis Arraez,MIN,24,
Ozzie Albies,ATL,24,$3000000
Kevin Kiermaier,TBR,31,$11166666
Tony Kemp,OAK,29,$1050000
C J Cron,COL,31,$100000
Kris Bryant,2TM,29,$19500000
Trent Grisham,SDP,24,
Kolten Wong,MIL,30,$7500000
Nick Castellanos,CIN,29,$14000000
Dylan Carlson,STL,22,
Myles Straw,2TM,26,
Josh Donaldson,MIN,35,$21750000
Edmundo Sosa,STL,25,
Kyle Schwarber,2TM,28,$7000000
Luis Urias,MIL,24,
Adam Duvall,2TM,32,
Josh Bell,WSN,28,$6350000
Austin Hays,BAL,25,
Francisco Lindor,NYM,27,$22300000
Mitch Haniger,SEA,30,$3010000
Giancarlo Stanton,NYY,31,$29000000
AJ Pollock,LAD,33,$18000000
Yordan Álvarez,HOU,24,
Jacob Stallings,PIT,31,$1300000
José Abreu,CHW,34,$17666666
J D Martinez,BOS,33,$19350000
Darin Ruf,SFG,34,$1275000
Avisail Garcia,MIL,30,$10750000
Robbie Grossman,DET,31,$5000000
Jared Walsh,LAA,27,
Manuel Margot,TBR,26,$3400000
Lourdes Gurriel Jr.,TOR,27,$3928571
Jesse Winker,CIN,27,$3150000
Sean Murphy,OAK,26,
Brandon Belt,SFG,33,$17200000
Miguel Rojas,MIA,32,$5000000
Chris Taylor,LAD,30,$7800000
Ramon Laureano,OAK,26,
Mark Canha,OAK,32,$6920000
Nelson Cruz,2TM,40,$13000000
Jazz Chisholm,MIA,23,
Santiago Espinal,TOR,26,
Michael A Taylor,KCR,30,$1750000
Michael Brantley,HOU,34,$16000000
Mike Yastrzemski,SFG,30,
Yan Gomes,2TM,33,$6000000
Andrew Benintendi,KCR,26,$6600000
Eduardo Escobar,2TM,32,$7666667
Brett Phillips,TBR,27,
Nathaniel Lowe,TEX,25,
George Springer,TOR,31,$23666667
Ke Bryan Hayes,PIT,24,
Chas McCormick,HOU,26,
Hunter Renfroe,BOS,29,$3100000
Lorenzo Cain,MIL,35,$17000000
Elias Diaz,COL,30,$1200000
Patrick Wisdom,CHC,29,
Steven Duggar,SFG,27,
Alex Verdugo,BOS,25,
Akil Baddoo,DET,22,
Carson Kelly,ARI,26,$1700000
Alex Bregman,HOU,27,$13000000
Leury Garcia,CHW,30,$3500000
Max Kepler,MIN,28,$6500000
Mitch Garver,MIN,30,$1875000
Ha Seong Kim,SDP,25,
Josh Harrison,2TM,33,$1000000
Austin Meadows,TBR,26,
Jonathan Schoop,DET,29,$4500000
Rafael Ortega,CHC,30,
Rhys Hoskins,PHI,28,$4800000
Kyle Seager,SEA,33,$18500000
Amed Rosario,CLE,25,$2400000
Eric Haase,DET,28,
Ramon Urias,BAL,27,
Tyler Stephenson,CIN,24,
Dansby Swanson,ATL,27,$6000000
Andy Ibáñez,TEX,28,
David Fletcher,LAA,27,$2000000
Mike Trout,LAA,29,$37116667
Ketel Marte,ARI,27,$6400000
Max Stassi,LAA,30,$1600000
Odubel Herrera,PHI,29,$10350000
Evan Longoria,SFG,35,$18666666
Yadier Molina,STL,38,$9000000
Jonathan Villar,NYM,30,$3550000
Frank Schwindel,2TM,29,
Daulton Varsho,ARI,24,
Anthony Rizzo,2TM,31,$16500000
Wilmer Flores,SFG,29,$3000000
Matt Duffy,CHC,30,$1000000
Yandy Díaz,TBR,29,
Connor Joe,COL,28,
Tyrone Taylor,MIL,27,
Paul DeJong,STL,27,$4166667
Gavin Lux,LAD,23,
Alcides Escobar,WSN,34,
Jake Fraley,SEA,26,
Ian Happ,CHC,26,$4100000
Abraham Toro,2TM,24,
Franmil Reyes,CLE,25,
Aledmys Díaz,HOU,30,$3000000
Francisco Mejia,TBR,25,
Adam Engel,CHW,29,$1350000
Christian Arroyo,BOS,26,
Taylor Walls,TBR,24,
Andrelton Simmons,MIN,31,$10500000
DJ LeMahieu,NYY,32,$15000000
Omar Narvaez,MIL,29,$2500000
Seth Brown,OAK,28,
Jesus Aguilar,MIA,31,$4300000
Brendan Rodgers,COL,24,
Jeff McNeil,NYM,29,
Tommy Pham,SDP,33,$8900000
Austin Slater,SFG,28,$1150000
Andrew McCutchen,PHI,34,$20000000
Brian Anderson,MIA,28,$3800000
Danny Jansen,TOR,26,
Manny Pina,MIL,34,$1650000
Jesus Sanchez,MIA,23,
Jake Meyers,HOU,25,
LaMonte Wade Jr.,SFG,27,
Freddy Galvis,2TM,31,$1500000
Nick Madrigal,CHW,24,
Jake Rogers,DET,26,
Ryan Zimmerman,WSN,36,$1000000
Kyle Farmer,CIN,30,$640000
Christian Yelich,MIL,29,$14000000
Bradley Zimmer,CLE,28,
Nico Hoerner,CHC,24,
Donovan Solano,SFG,33,$3250000
Starlin Castro,WSN,31,$7000000
David Peralta,ARI,33,$7500000
Eddie Rosario,2TM,29,$8000000
Garrett Cooper,MIA,30,$1800000
Nick Solak,TEX,26,
Jason Castro,HOU,34,$3500000
Christian Vazquez,BOS,30,$6250000
Charlie Culberson,TEX,32,
Charlie Blackmon,COL,34,$21500000
Mike Brosseau,TBR,27,
Lane Thomas,2TM,25,
Brett Gardner,NYY,37,$2850000
Raimel Tapia,COL,27,$1950000
Bryan De La Cruz,MIA,24,
Eric Hosmer,SDP,31,$21000000
Luis Torrens,SEA,25,
Miguel Sano,MIN,28,$11000000
Ji Man Choi,TBR,30,$2450000
Pedro Severino,BAL,27,$1825000
Tom Murphy,SEA,30,$875000
Austin Nola,SDP,31,
Yonny Hernandez,TEX,23,
Alejandro Kirk,TOR,22,
Oscar Mercado,CLE,26,
Ryan Mountcastle,BAL,24,
Dylan Moore,SEA,28,
Michael Conforto,NYM,28,$12250000
Lewin Diaz,MIA,24,
Andres Gimenez,CLE,22,
Wil Myers,SDP,30,$22500000
J D Davis,NYM,28,$2100000
Trey Mancini,BAL,29,$4750000
Josh Rojas,ARI,27,
Randal Grichuk,TOR,29,$10333333
Gleyber Torres,NYY,24,$4000000
Tyler Naquin,CIN,30,$1500000
German Marquez,COL,26,$7800000
Alex Avila,WSN,34,
Lars Nootbaar,STL,23,
Gary Sanchez,NYY,28,$6350000
Nick Ahmed,ARI,31,$7875000
Eloy Jimenez,CHW,24,$4333334
Thairo Estrada,SFG,25,
Max Fried,ATL,27,$3500000
Garrett Hampson,COL,26,
Curt Casali,SFG,32,$1500000
Jace Peterson,MIL,31,$100000
Ryan Jeffers,MIN,24,
Pablo Reyes,MIL,27,
Gio Urshela,NYY,29,$4650000
Jacob,NYM,33,$35500000
Chris Owings,COL,29,
Elvis Andrus,OAK,32,$14250000
Sam Hilliard,COL,27,
Alex Kirilloff,MIN,23,
Jordan Luplow,2TM,27,
Trayce Thompson,CHC,30,
Taylor Ward,LAA,27,
Trevor Larnach,MIN,24,
Keibert Ruiz,2TM,22,
Jon Berti,MIA,31,
Riley Adams,2TM,25,
Cam Gallagher,KCR,28,
Kyle Lewis,SEA,25,
Kevin Pillar,NYM,32,$3600000
Kevin Newman,PIT,27,
Christian Walker,ARI,30,
Sergio Alcantara,CHC,24,
Joe Ross,WSN,28,$1500000
Kyle Isbel,KCR,24,
Yermin Mercedes,CHW,28,
Tres Barrera,WSN,26,
Dustin Garneau,DET,33,$100000
Luis Guillorme,NYM,26,
Cesar Hernandez,2TM,31,$5000000
Kyle Higashioka,NYY,31,
Jake McCarthy,ARI,23,
Jake Burger,CHW,25,
Greg Allen,NYY,28,
Austin Barnes,LAD,31,$1650000
Adalberto Mondesi,KCR,25,$2520000
Yonathan Daza,COL,27,
Travis Jankowski,PHI,30,$100000
Jorge Mateo,2TM,26,
Hanser Alberto,KCR,28,$1650000
Cavan Biggio,TOR,26,
Mauricio Dubon,SFG,26,
Jason Heyward,CHC,31,$21000000
Asdrubal Cabrera,2TM,35,$1750000
Brad Miller,PHI,31,$3500000
Anthony Alford,PIT,26,
Billy Hamilton,CHW,30,$100000
Bobby Bradley,CLE,25,
Jack Flaherty,STL,25,$3900000
Luis Garcia,WSN,21,
Tomas Nido,NYM,27,
Aaron Nola,PHI,28,$12250000
Matt Vierling,PHI,24,
Estevan Florial,NYY,23,
Reese McGuire,TOR,26,
Rougned Odor,NYY,27,$12333333
Geraldo Perdomo,ARI,21,
Connor Wong,BOS,25,
Emmanuel Rivera,KCR,25,
Ronald Torreyes,PHI,28,
Julio Urias,LAD,24,$3600000
Huascar Ynoa,ATL,23,
Joshua Fuentes,COL,28,
Guillermo Heredia,ATL,30,
Jo Adell,LAA,22,
Ehire Adrianza,ATL,31,$1500000
Jose Siri,HOU,25,
Wade Miley,CIN,34,$8000000
Corey Dickerson,2TM,32,$8750000
John Hicks,TEX,31,
Marcus Stroman,NYM,30,$18900000
Jon Lester,2TM,37,
Luke Voit,NYY,30,$4700000
Madison Bumgarner,ARI,31,$19000000
Tommy La Stella,SFG,32,$2000000
Tylor Megill,NYM,25,
Yu Chang,CLE,25,
Luke Maile,MIL,30,
Josh Naylor,CLE,24,
Tyler Wade,NYY,26,
Humberto Castellanos,ARI,23,
Nick Fortes,MIA,24,
Rafael Marchan,PHI,22,
Jake Marisnick,2TM,30,$1000000
Clayton Kershaw,LAD,33,$31000000
Roman Quinn,PHI,28,
Bobby Dalbec,BOS,26,
Eric Lauer,MIL,26,
Brandon Marsh,LAA,23,
Logan Webb,SFG,24,
Tucker Barnhart,CIN,30,$4187500
Zac Gallen,ARI,25,
Ranger Suarez,PHI,25,
Kwang Hyun Kim,STL,32,$4000000
Matt Peacock,ARI,27,
Kyle Freeland,COL,28,$5020000
Pete Kozma,OAK,33,
Jordy Mercer,WSN,34,$100000
Adam Wainwright,STL,39,$8000000
Travis Arnaud,ATL,32,$8000000
Brandon Drury,NYM,28,
Kevin Gausman,SFG,30,$18900000
Kevin Plawecki,BOS,30,$1600000
David Price,LAD,35,$32000000
Webster Rivas,SDP,30,
Austin Allen,OAK,27,
Delino DeShields,CIN,28,
Chad Pinder,OAK,29,$2275000
JT Riddle,MIN,29,$100000
Gavin Sheets,CHW,25,
Andrew Vaughn,CHW,23,
Jake Arrieta,2TM,35,$4000000
Robinson Chirinos,CHC,37,
Nick Gordon,MIN,25,
Sean Manaea,OAK,29,$5950000
Jack Mayfield,2TM,30,
DJ Peters,2TM,25,
Anthony Santander,BAL,26,$2100000
Jarrod Dyson,2TM,36,$1500000
Spencer Howard,2TM,24,
Nick Maton,PHI,24,
Eddy Alvarez,MIA,31,
Daniel Camarena,SDP,28,
Erick Castillo,CHC,28,
Tyler Nevin,BAL,24,
Adrian Sanchez,WSN,30,
Ryan Weathers,SDP,21,
Matt Beaty,LAD,28,
Paolo Espino,WSN,34,
Cole Irvin,OAK,27,
Jed Lowrie,OAK,37,$100000
Zack Wheeler,PHI,31,$22500000
Seth Beer,ARI,24,
Dylan Cease,CHW,25,
Michael Hermosillo,CHC,26,
Johan Oviedo,STL,23,
Jose Trevino,TEX,28,
Austin Voth,WSN,29,
Matthew Boyd,DET,30,$6500000
Oneil Cruz,PIT,22,
Jose Quintana,2TM,32,$8000000
Stephen Strasburg,WSN,32,$35000000
Jose Alvarez,SFG,32,$1050000
Garrett Cleavinger,LAD,27,
Kyle Gibson,2TM,33,$9666666
Andrew Heaney,2TM,30,$6750000
Jesus Luzardo,2TM,23,
Magneuris Sierra,MIA,25,
Trevor Williams,2TM,29,$2500000
Patrick Corbin,WSN,31,$24416667
Monte Harrison,MIA,25,
Yadiel Hernández,WSN,33,
Taylor Jones,HOU,27,
Josh Lowe,TBR,23,
Seth Lugo,NYM,31,$2900000
Sean Reid Foley,NYM,25,
Alfonso Rivas,CHC,24,
Jose Rondon,STL,27,
Caleb Smith,ARI,29,$1450000
Andrew Stevenson,WSN,27,
Corbin Burnes,MIL,26,
Taylor Davis,PIT,31,
Jake Faria,ARI,27,
Kyle Garlick,MIN,29,
Patrick Kivlehan,SDP,31,
Brian O Grady,SDP,29,$650000
Josh Tomlin,ATL,36,$1000000
Luis Barrera,OAK,25,
Luis Castillo,CIN,28,$4200000
Justin Dunn,SEA,25,
Jerad Eickhoff,NYM,30,
Tony Gonsolin,LAD,27,
Chi Chi Gonzalez,COL,29,$100000
Luis Gonzalez,CHW,25,
Dakota Hudson,STL,26,
Jonathan Lucroy,2TM,35,
Billy McKinney,3TM,26,
John Means,BAL,28,
Harold Ramirez,CLE,26,
Jakson Reetz,WSN,25,
Kyle Wright,ATL,25,
Daniel Bard,COL,36,$2925000
Phil Bickford,2TM,25,
Nick Ciuffo,BAL,26,
Dane Dunning,TEX,26,
Johneshwy Fargas,2TM,26,
Tommy Hunter,NYM,34,$100000
James Kaprielian,OAK,27,
Jack Lopez,BOS,28,
Connor Overton,2TM,27,
Victor Reyes,DET,26,
Ali Sanchez,STL,24,
Luke Weaver,ARI,27,$1950000
Jake Brentz,KCR,26,
Taylor Clarke,ARI,28,
Alex De Goti,HOU,26,
Brock Holt,TEX,33,$100000
Jon Jay,LAA,36,$100000
Triston McKenzie,CLE,23,
Bailey Ober,MIN,25,
Garrett Richards,BOS,33,$8500000
Trevor Richards,2TM,28,
Justus Sheffield,SEA,25,
Garrett Whitlock,BOS,25,
Luke Williams,PHI,24,
Jordan Yamamoto,NYM,25,
Jonathan Arauz,BOS,22,
José Barrero,CIN,23,
Steven Brault,PIT,29,$2050000
Lewis Brinson,MIA,27,
Ivan Castillo,SDP,26,
Aaron Civale,CLE,26,
Zach Davies,CHC,28,$8630000
Austin Davis,2TM,28,
Reid Detmers,LAA,21,
Nathan Eovaldi,BOS,31,$17000000
Kenta Maeda,MIN,33,$3125000
Taylor Motter,2TM,31,
Edward Olivares,KCR,25,
Cal Quantrill,CLE,26,
Patrick Sandoval,LAA,24,
Kohl Stewart,CHC,26,
Jameson Taillon,NYY,29,
Mason Williams,NYM,29,
Cory Abbott,CHC,25,
Aaron Ashby,MIL,23,
Justin Bruihl,LAD,24,
Dylan Bundy,LAA,28,$8325000
Eric Campbell,SEA,34,
Austin Dean,STL,27,
Ross Detwiler,2TM,35,$850000
Jon Duplantier,ARI,26,
Lucas Giolito,CHW,26,$4150000
Niko Goodrum,DET,29,$2100000
Zack Littell,SFG,25,$100000
Corbin Martin,ARI,25,
Hoby Milner,MIL,30,$100000
Casey Mize,DET,24,
Corey Oswalt,NYM,27,
Josh Palacios,TOR,25,
Jose Peraza,NYM,27,$100000
Drew Rasmussen,2TM,25,
Clarke Schmidt,NYY,25,
Craig Stammen,SDP,37,$4000000
Troy Stokes Jr.,PIT,25,
Edwin Uceta,LAD,23,
Jose Urquidy,HOU,26,
Donovan Walton,SEA,27,
Richard Bleier,MIA,34,$1425000
Edward Cabrera,MIA,23,
William Contreras,ATL,23,
Jose De Leon,CIN,28,
Derek Fisher,MIL,27,
Braxton Garrett,MIA,23,
Zack Godley,MIL,31,$100000
Payton Henry,MIA,24,
Lance Lynn,CHW,34,
Humberto Mejia,ARI,24,
Mark Melancon,SDP,36,$2000000
Jurickson Profar,SDP,28,$4333333
Ramon Rosso,PHI,25,
Tony Santillan,CIN,24,
Justin Steele,CHC,25,
Tyler Anderson,2TM,31,$2500000
John Andreoli,SDP,31,
Tejay Antone,CIN,27,
Walker Buehler,LAD,26,$3750000
Griffin Canning,LAA,25,
Ernie Clement,CLE,25,
Seth Frankoff,ARI,32,
Jeff Hoffman,CIN,28,
Adrian Houser,MIL,28,
Luis Madero,MIA,24,
Deven Marrero,MIA,30,
Wily Peralta,DET,32,$100000
Dillon Peters,PIT,28,
Anthony Rendon,LAA,31,$28071428
Miguel Sanchez,MIL,27,
Zach Thompson,MIA,27,
Vince Velasquez,2TM,29,$4000000
Alex Vesia,LAD,25,
Brandon Woodruff,MIL,28,$3275000
Fernando Abad,BAL,35,
Albert Abreu,NYY,25,
Bryan Abreu,HOU,24,
Jason Adam,CHC,29,
Austin Adams,SDP,30,
Miguel Aguilar,ARI,29,
Jorge Alcala,MIN,25,
Scott Alexander,LAD,31,$1000000
Dan Altavilla,SDP,28,$850000
Jose Alvarado,PHI,26,$1000000
Shaun Anderson,SDP,26,
Matt Andriese,2TM,31,$1850000
Chris Archer,TBR,32,$6500000
Shawn Armstrong,2TM,30,$825000
Luis Avilan,WSN,31,
John Axford,MIL,38,
Alberto Baldonado,WSN,28,
Joe Barlow,TEX,25,
Scott Barlow,KCR,28,
Jacob Barnes,2TM,31,$750000
Matt Barnes,BOS,31,$4500000
Kyle Barraclough,MIN,31,
Joey Bart,SFG,24,
Anthony Bass,MIA,33,$1000000
Cam Bedrosian,3TM,29,$1500000
Tyler Beede,SFG,28,
Andrew Bellatti,MIA,29,
Wes Benjamin,TEX,27,
Travis Bergen,TOR,27,
Dellin Betances,NYM,33,$6000000
Joe Biagini,CHC,31,$100000
Jesse Biddle,ATL,29,
Brandon Bielak,HOU,25,
Ryan Borucki,TOR,27,
Akeem Bostick,NYM,26,
Ben Bowden,COL,26,
Brad Boxberger,MIL,33,$100000
Brad Brach,CIN,35,
Ryan Brasier,BOS,33,$1250000
Zack Britton,NYY,33,$13000000
Connor Brogdon,PHI,26,
Ryan Buchter,ARI,34,$100000
J B Bukauskas,ARI,24,
Aaron Bummer,CHW,27,$2000000
Andy Burns,LAD,30,$100000
Ryan Burr,CHW,27,
Beau Burrows,MIN,24,
Genesis Cabrera,STL,24,
Drew Carlton,DET,25,
Diego Castillo,2TM,27,
Kervin Castro,SFG,22,
Miguel Castro,NYM,26,$1688000
Luis Cessa,2TM,29,$1050000
Andrew Chafin,2TM,31,$2250000
Aroldis Chapman,NYY,33,$16000000
JT Chargois,2TM,30,$100000
Steve Cishek,LAA,35,$1000000
Jose Cisnero,DET,32,$970000
Emmanuel Clase,CLE,23,
Alex Claudio,LAA,29,$1125000
Tyler Clippard,ARI,36,$1750000
A J Cole,TOR,29,$100000
Alex Colome,MIN,32,$5000000
Adam Conley,TBR,31,
Roansy Contreras,PIT,21,
Jharel Cotton,TEX,29,
Jake Cousins,MIL,26,
Stefan Crichton,ARI,29,
Kyle Crick,PIT,28,$800000
Garrett Crochet,CHW,22,
Wade Davis,KCR,35,$100000
Grant Dayton,ATL,33,$900000
Brett Geus,2TM,23,
Enyel De Los Santos,2TM,25,
Miguel Del Pozo,DET,28,
Chris Devenski,ARI,30,$1000000
Edwin Diaz,NYM,27,$7000000
Brandon Dickson,STL,36,
Marcos Diplan,BAL,24,
Randy Dobnak,MIN,26,$700000
Kyle Dohy,PHI,24,
Rafael Dolis,TOR,33,$1500000
Seranthony Dominguez,PHI,26,$728000
Sean Doolittle,2TM,34,$1500000
Camilo Doval,SFG,23,
Tyler Duffey,MIN,30,$2200000
Robert Dugger,SEA,25,
Carl Edwards Jr.,ATL,29,$100000
Chris Ellis,BAL,28,
Carlos Estevez,COL,28,$1450000
Demarcus Evans,TEX,24,
Pete Fairbanks,TBR,27,
Jeurys Familia,NYM,31,$11666667
Michael Feliz,2TM,28,$1000000
Neftali Feliz,2TM,33,
Julian Fernandez,COL,25,
J P Feyereisen,2TM,28,
Kyle Finnegan,WSN,29,
Jay Flaa,ATL,29,
Aaron Fletcher,SEA,25,
Bernardo Flores Jr.,STL,25,
Dylan Floro,MIA,30,
Matt Foster,CHW,26,
Luis Frias,ARI,23,
Paul Fry,BAL,28,
Michael Fulmer,DET,28,$3100000
Kyle Funkhouser,DET,27,
Giovanny Gallegos,STL,29,
Edgar Garcia,CIN,24,
Luis Garcia,STL,34,
Yimi Garcia,2TM,30,$1900000
Amir Garrett,CIN,29,$1500000
Lucas Gilbreath,COL,25,
Kevin Ginkel,ARI,27,
Mychal Givens,2TM,31,$4050000
Victor Gonzalez,LAD,25,
Ashton Goudeau,2TM,28,
Kendall Graveman,2TM,30,$1250000
Chad Green,NYY,30,$2150000
Conner Greene,2TM,26,
Shane Greene,2TM,32,
Sean Guenther,MIA,25,
Deolis Guerra,OAK,32,$100000
Javy Guerra,SDP,25,
Preston Guilmet,MIA,33,
Jorge Guzman,MIA,25,
Josh Hader,MIL,27,$6675000
David Hale,PHI,33,$850000
Brad Hand,3TM,31,$10500000
Eric Hanhold,BAL,27,
Blaine Hardy,MIL,34,
Will Harris,WSN,36,$8000000
Geoff Hartlieb,2TM,27,
Taylor Hearn,TEX,26,
Ryan Helsley,STL,26,
Liam Hendriks,CHW,32,$11333333
Jimmy Herget,LAA,27,
Darwinzon Hernandez,BOS,24,
Codi Heuer,2TM,24,
Jordan Hicks,STL,24,$863000
Trevor Hildenberger,NYM,30,
Tim Hill,SDP,31,
Derek Holland,DET,34,$100000
Greg Holland,KCR,35,$2750000
Sam Howard,PIT,28,
James Hoyt,LAA,34,
Daniel Hudson,2TM,34,$6000000
Raisel Iglesias,LAA,31,
Luke Jackson,ATL,29,$1900000
Josh James,HOU,28,
Cristian Javier,HOU,24,
Joe Jimenez,DET,26,$1500000
Pierce Johnson,SDP,30,$2000000
Damon Jones,PHI,26,
James Karinchak,CLE,25,
Keone Kela,SDP,28,$1200000
Kyle Keller,PIT,28,
Mitch Keller,PIT,25,
Ian Kennedy,2TM,36,$100000
Mike Kickham,LAD,32,
Michael King,NYY,26,
Tyler Kinley,COL,30,
Brandon Kintzler,PHI,36,$100000
Andrew Kittredge,TBR,31,
Gabe Klobosits,WSN,26,
Adam Kolarek,OAK,32,
Brooks Kriske,BAL,27,
Jack Kruger,LAA,26,
Travis Lakins,BAL,27,
Alex Lange,DET,25,
Ryan Lavarnway,CLE,33,$100000
Justin Lawrence,COL,26,
Dylan Lee,ATL,26,
Dominic Leone,SFG,29,
Tzu Wei Lin,MIN,27,
Mauricio Llovera,PHI,25,
Jonathan Loaisiga,NYY,26,
Kyle Lobstein,WSN,31,
Reynaldo Lopez,CHW,27,$2100000
Yoan López,ARI,28,
Michael Lorenzen,CIN,29,$4430000
Aaron Loup,NYM,33,$3000000
Richard Lovelady,KCR,25,
Lucas Luetge,NYY,34,
Andres Machado,WSN,28,
Joe Mantiply,ARI,30,
Dillon Maples,CHC,29,
Brett Martin,TEX,26,
Chris Martin,ATL,35,$7000000
Tyler Matzek,ATL,30,
Trevor May,NYM,31,$7750000
Mike Mayers,LAA,29,$1200000
Tim Mayza,TOR,29,
T J McFarland,STL,32,
Jake McGee,SFG,34,$2000000
Collin McHugh,TBR,34,
Alex McRae,CHW,28,
Trevor Megill,CHC,27,
Ryan Meisinger,CHC,27,
Keury Mella,ARI,27,
Conner Menez,SFG,26,
Keynan Middleton,SEA,27,$800000
Andrew Miller,STL,36,$12000000
Justin Miller,2TM,34,
Wyatt Mills,SEA,26,
Juan Minaya,MIN,30,
Anthony Misiewicz,SEA,26,
Bryan Mitchell,MIA,30,
Rafael Montero,2TM,30,$2250000
Mitch Moreland,OAK,35,$2250000
Dauri Moreta,CIN,25,
Adam Morgan,CHC,31,$100000
Reyes Moronta,SFG,28,$695000
Kyle Nelson,CLE,24,
Aaron Northcraft,SDP,31,
James Norwood,SDP,27,
Darien Núñez,LAD,28,
Oliver Ortega,LAA,24,
Josh Osich,CIN,32,$100000
Adam Ottavino,BOS,35,
Luis Oviedo,PIT,22,
Blake Parker,CLE,36,$100000
Spencer Patton,TEX,33,$100000
David Paulino,PHI,27,$100000
Joel Payamps,2TM,27,
Wandy Peralta,2TM,29,$925000
Angel Perdomo,MIL,27,
Oliver Perez,CLE,39,$100000
Yusmeiro Petit,OAK,36,$2550000
Jake Petricka,LAA,33,
Adam Plutko,BAL,29,
Drew Pomeranz,SDP,32,$8000000
Ryan Pressly,HOU,32,$8750000
Austin Pruitt,MIA,31,
Kevin Quackenbush,LAD,32,
Jose Quijada,LAA,25,
Tanner Rainey,WSN,28,
Brooks Raley,HOU,33,$2000000
Erasmo Ramirez,DET,31,$100000
Noe Ramirez,2TM,31,
Roel Ramirez,STL,26,
Yohan Ramirez,SEA,26,
AJ Ramos,LAA,34,$100000
Yacksel Rios,BOS,28,
Hansel Robles,2TM,30,$2000000
Chris Rodriguez,LAA,22,
Joely Rodriguez,2TM,29,$2500000
Richard Rodriguez,2TM,31,$1700000
Chaz Roe,TBR,34,$1150000
Taylor Rogers,MIN,30,$6000000
Tyler Rogers,SFG,30,
Jordan Romano,TOR,28,
Jhon Romero,WSN,26,
JoJo Romero,PHI,24,
Sergio Romo,OAK,38,$2250000
Angel Rondon,STL,23,
Zac Rosscup,COL,33,
Casey Sadler,SEA,30,
Cristopher Sanchez,PHI,24,
Nick Sandlin,CLE,24,
Ervin Santana,KCR,38,
Antonio Santos,COL,24,
Gregory Santos,SFG,21,
Tayler Saucedo,TOR,28,
Hirokazu Sawamura,BOS,33,$1200000
Tanner Scott,BAL,26,
Paul Sewald,SEA,31,
Bryan Shaw,CLE,33,$100000
Jordan Sheffield,COL,26,
Ryan Sherriff,TBR,31,
Chasen Shreve,PIT,30,$100000
Brandyn Sittinger,ARI,27,
Aaron Slegers,LAA,28,
Burch Smith,OAK,31,$705000
Joe Smith,HOU,37,$4000000
Will Smith,ATL,31,$13000000
Kirby Snead,TOR,26,
Peter Solomon,HOU,24,
Joakim Soria,ARI,37,$3500000
Gregory Soto,DET,26,
Shea Spitzbarth,PIT,26,
Jeffrey Springs,TBR,28,
Ryne Stanek,HOU,29,$1100000
Cody Stashak,MIN,27,
Josh Staumont,KCR,27,
Drew Steckenrider,SEA,30,
Trevor Stephan,CLE,25,
Robert Stephenson,COL,28,$805000
Matt Strahm,SDP,29,$2000000
Pedro Strop,CHC,36,$100000
Cole Sulser,BAL,31,
Erik Swanson,SEA,27,
Anthony Swarzak,2TM,35,$100000
Noah Syndergaard,NYM,28,$9700000
Domingo Tapia,KCR,29,
Stephen Tarpley,NYM,28,
Dillon Tate,BAL,27,
Blake Taylor,HOU,25,
Josh Taylor,BOS,28,
Ryan Tepera,2TM,33,$800000
Caleb Thielbar,MIN,34,$650000
Mason Thompson,2TM,23,
Ryan Thompson,TBR,29,
Trent Thornton,TOR,27,
Ty Tice,ATL,24,
Blake Treinen,LAD,33,$8000000
Alan Trejo,COL,25,
Lou Trivino,OAK,29,$912000
Kyle Tyler,LAA,24,
Cesar Valdez,BAL,36,
Phillips Valdez,BOS,29,
Andrew Vasquez,LAD,27,
Will Vest,SEA,26,
Andrew Wantz,LAA,25,
Art Warren,CIN,28,
Austin Warren,LAA,25,
Ryan Weber,MIL,30,
Jordan Weems,2TM,28,
Patrick Weigel,MIL,26,
Tyler Wells,BAL,26,
J B Wendelken,2TM,28,
Kodi Whitley,STL,26,
Rowan Wick,CHC,28,
Brad Wieck,CHC,29,
Devin Williams,MIL,26,
Taylor Williams,2TM,29,
Justin Wilson,CIN,33,
Nick Wittgren,CLE,30,$2000000
Brandon Workman,2TM,32,$100000
Hyeon Yang,TEX,33,
Eric Yardley,MIL,30,
Kyle Zimmer,KCR,29,
R J Alaniz,CIN,30,
Logan Allen,CLE,24,
Pedro Avila,SDP,24,
Anthony Banda,2TM,27,
Charlie Barnes,MIN,25,
David Bednar,PIT,26,
Alec Bettinger,MIL,25,
Archie Bradley,PHI,28,$6000000
John Brebbia,SFG,31,$800000
Ryan Castellani,COL,25,
Tyler Chatwood,2TM,31,$3000000
Alex Cobb,LAA,33,$15000000
Sam Coonrod,PHI,28,
Danny Coulombe,MIN,31,
Hans Crouse,PHI,22,
Yennsy Diaz,NYM,24,
Jake Diekman,OAK,34,$4000000
Scott Effross,CHC,27,
Thomas Eshelman,BAL,27,
Ryan Feltner,COL,24,
Junior Fernandez,STL,24,
Josh Fleming,TBR,25,
Rony Garcia,DET,23,
Robert Gsellman,NYM,27,$1300000
Javy Guerra,WSN,35,$100000
J D Hammer,PHI,26,
Heath Hembree,2TM,32,$100000
Ryan Hendrix,CIN,26,
Sam Hentges,CLE,24,
Clay Holmes,2TM,28,
Tanner Houck,BOS,25,
Drew Hutchison,DET,30,$100000
Jay Jackson,SFG,33,
Kenley Jansen,LAD,33,$20000000
Jake Jewell,CHC,28,
Nate Jones,2TM,35,$100000
Craig Kimbrel,2TM,33,$16000000
John King,TEX,26,
Michael Kopech,CHW,25,
Dinelson Lamet,SDP,28,$4200000
Josh Lindblom,MIL,34,$3041666
Matt Manning,DET,23,
Alek Manoah,TOR,23,
Phil Maton,2TM,28,$975000
Kyle McGowin,WSN,29,
Nick Mears,PIT,24,
Adonis Medina,PHI,24,
J C Mejia,CLE,24,
Shelby Miller,2TM,30,$100000
A J Minter,ATL,27,$1300000
Adrián Morejón,SDP,22,
Patrick Murphy,WSN,26,
Packy Naughton,LAA,25,
Hector Neris,PHI,32,$5000000
Stephen Nogosek,NYM,26,
Jake Odorizzi,HOU,31,$9000000
Sean Poppen,2TM,27,
Jake Reed,2TM,28,
Alex Reyes,STL,26,$900000
Manuel Rodriguez,CHC,24,
Michael Rucker,CHC,27,
Jose Ruiz,CHW,26,
Chris Sale,BOS,32,$30000000
Edgar Santana,ATL,29,
Josh Sborz,TEX,27,
Sam Selman,2TM,30,
James Sherfy,2TM,29,$100000
Drew Smith,NYM,27,
Jose Suarez,LAA,23,
Wander Suero,WSN,29,
Thomas Szapucki,NYM,25,
Keegan Thompson,CHC,26,
Justin Topa,MIL,30,
Nick Tropeano,2TM,30,$100000
Jose Urena,DET,29,$3250000
Andrew Velazquez,NYY,26,
Brandon Waddell,STL,27,
Tony Watson,2TM,36,$1000000
Tyler Webb,STL,30,
Dan Winkler,CHC,31,$900000
Matt Wisler,2TM,28,$1150000
Jordan Zimmermann,MIL,35,$100000
Tyler Zuber,KCR,26,
Joan Adon,WSN,22,
Keegan Akin,BAL,26,
Tyler Alexander,DET,26,
Kolby Allard,TEX,23,
Kohei Arihara,TEX,28,
Caleb Baragar,SFG,27,
Chris Bassitt,OAK,32,$4900000
Anthony Bender,MIA,26,
Rex Brothers,CHC,33,$100000
Adam Cimber,2TM,30,$925000
Sam Clay,WSN,28,
Nestor Cortes Jr.,NYY,26,
Johnny Cueto,SFG,35,$21833334
Seth Elledge,STL,25,
Stuart Fairchild,ARI,25,
Mike Foltynewicz,TEX,29,
Jarlin Garcia,SFG,28,$950000
Tyler Glasnow,TBR,27,$4000000
Marco Gonzales,SEA,29,$5250000
Brusdar Graterol,LAD,22,
Zack Greinke,HOU,37,$35000000
Junior Guerra,LAA,36,
Jandel Gustave,MIL,28,
Ryne Harper,WSN,32,
Austin Hedges,CLE,28,$3280000
Jakob Junis,KCR,28,$1700000
Dallas Keuchel,CHW,33,$18000000
Yusei Kikuchi,SEA,30,$17000000
Corey Kluber,NYY,35,$11000000
Corey Knebel,LAD,29,$5250000
Jorge Lopez,BAL,28,
Steven Matz,TOR,30,
Darren McCaughan,SEA,25,
Colin Moran,PIT,28,$2800000
Eli Morgan,CLE,25,
Kyle Muller,ATL,23,
Tommy Nance,CHC,30,
Daniel Norris,2TM,28,$3475000
Emilio Pagan,SDP,30,$1570000
Nick Pivetta,BOS,28,
Zach Pop,MIA,24,
Corey Ray,MIL,26,
Colin Rea,MIL,30,
Jefry Rodriguez,WSN,27,
Joe Ryan,MIN,25,
Kyle Ryan,CHC,29,$800000
Dennis Santana,2TM,25,
Chris Stratton,PIT,30,$1100000
Hunter Strickland,2TM,32,
Spencer Strider,ATL,22,
Dillon Thomas,SEA,28,
Jaime Barria,LAA,24,
Trevor Cahill,PIT,33,$1500000
Victor Caratini,SDP,27,$1300000
Chris Flexen,SEA,26,$1700000
Carson Fulmer,CIN,27,
Domingo German,NYY,28,
Grayson Greiner,DET,28,
Griffin Jax,MIN,26,
Joe Kelly,LAD,33,$8833334
Ryan LaMarre,NYY,32,
Peter Lambert,COL,24,
Ryan McBroom,KCR,29,
Shawn Morimando,MIA,28,
Jimmy Nelson,LAD,32,
Sean Newcomb,ATL,28,
Cionel Pérez,CIN,25,
David Peterson,NYM,25,
Evan Phillips,LAD,26,
Nick Ramirez,SDP,31,
Yefry Ramirez,LAD,27,
Carlos Rodon,CHW,28,$3000000
Sal Romano,2TM,27,
Lucas Sims,CIN,27,
Tarik Skubal,DET,24,
Michael Wacha,TBR,29,$3000000
Jacob Webb,ATL,27,
Miguel Yajure,PIT,23,
Yency Almonte,COL,27,
Braden Bishop,SEA,27,
Daniel Castano,MIA,26,
Jesse Chavez,ATL,37,
Chase De Jong,PIT,27,
Jonah Heim,TEX,26,
David Hess,MIA,27,
Jordan Holloway,MIA,25,
Scott Kazmir,SFG,37,$100000
Sammy Long,SFG,25,
Martin Maldonado,HOU,34,$3500000
Frankie Montas,OAK,28,$1800000
Jordan Montgomery,NYY,28,$2130000
Joe Musgrove,SDP,28,
Joseph Odom,TBR,29,
Steven Okert,MIA,29,
Martin Perez,BOS,30,$4500000
Robert Stock,2TM,31,
Duane Underwood Jr.,PIT,26,
Ryan Yarbrough,TBR,29,$2300000
Trey Amburgey,NYY,26,
Tanner Anderson,PIT,28,
Shane Bieber,CLE,26,
Daz Cameron,DET,24,
Harold Castro,DET,27,
Jaylin Davis,SFG,26,
Miguel Diaz,SDP,26,
Luis Garcia,HOU,24,
Carlos Hernandez,KCR,24,
Andre Jackson,LAD,25,
Dustin May,LAD,23,
Brian Miller,MIA,25,
Tyler Payne,CHC,28,
Daniel Ponce Leon,STL,29,
Hyun Jin Ryu,TOR,34,$20000000
Brent Suter,MIL,31,$1550000
Mike Tauchman,2TM,30,
Framber Valdez,HOU,27,
Stephen Vogt,2TM,36,$3500000
Taijuan Walker,NYM,28,$10000000
Alex Young,ARI,27,
Bruce Zimmermann,BAL,26,
JT Brubaker,PIT,27,
Kris Bubic,KCR,23,
Paul Campbell,MIA,25,
Yu Darvish,SDP,34,
Ronnie Dawson,HOU,26,
Wilmer Difo,PIT,29,
Bailey Falter,PHI,24,
Jake Hager,2TM,28,
Kyle Hendricks,CHC,31,$14000000
Joey Lucchesi,NYM,28,
Lance McCullers Jr.,HOU,27,$6500000
Miles Mikolas,STL,32,$17000000
Nick Neidert,MIA,24,
Hunter Owen,PIT,27,
Cody Poteet,MIA,26,
Robbie Ray,TOR,29,$8000000
Ben Rortvedt,MIN,23,
Jose Berrios,2TM,27,$6100000
John Curtiss,2TM,28,
Tucker Davidson,ATL,25,
Matt Harvey,BAL,32,$1000000
Jordan Lyles,TEX,30,
Sean Nolin,WSN,31,
Joc Pederson,2TM,29,$4500000
Josh Rogers,WSN,26,
Ross Stripling,TOR,31,$3000000
Leody Taveras,TEX,22,
Taylor Widener,ARI,26,
Jacob Wilson,2TM,30,
Jake Woodford,STL,24,
Sonny Gray,CIN,31,$10166667
Elieser Hernandez,MIA,26,
Jared Hoying,TOR,32,
Sean Kazmar Jr.,ATL,36,
Brad Keller,KCR,25,$3350000
Mike Minor,KCR,33,$7000000
Michael Pineda,MIN,32,$10000000
Cody Ponce,PIT,27,
Yohel Pozo,TEX,24,
Reiver Sanmartin,CIN,25,
Matt Thaiss,LAA,26,
Wilfredo Tovar,NYM,29,
Kole Calhoun,ARI,33,$8000000
Jhoulys Chacin,COL,33,$800000
Nabil Crismatt,SDP,26,
Kelvin Gutierrez,2TM,26,
Tucupita Marcano,SDP,21,
Carlos Martinez,STL,29,$11700000
Kevin Padlo,2TM,24,
Zach Reks,LAD,27,
Blake Snell,SDP,28,
Humberto Arteaga,WSN,27,
Alex Dickerson,SFG,31,$2000000
Tyler Gilbert,ARI,27,
Romy Gonzalez,CHW,24,
J A Happ,STL,38,
Ender Inciarte,ATL,30,$8700000
Eduardo Rodriguez,BOS,28,$8300000
Ryan Dorow,TEX,25,
Austin Gomber,COL,27,
Taylor Gushue,CHC,27,
Bryan Holaday,ARI,33,$100000
Reiss Knehr,SDP,24,
Rob Refsnyder,MIN,30,
Aaron Sanchez,SFG,28,$4000000
Riley Smith,ARI,26,
Touki Toussaint,ATL,25,
Breyvic Valera,TOR,29,
Carlos Carrasco,NYM,34,
TJ Friedl,CIN,25,
Trent Giambrone,CHC,27,
Scott Hurst,STL,25,
Chad Kuhl,PIT,28,$2130000
Roberto Perez,CLE,32,$5500000
Rene Rivera,2TM,37,
Ryan Vilade,COL,22,
Jose Godoy,SEA,26,
Josiah Gray,2TM,23,
Rich Hill,2TM,41,$2500000
Pablo Lopez,MIA,25,
Luis Marte,MIA,27,
Mitch White,LAD,26,
Vladimir Gutiérrez,CIN,25,
Wade LeBlanc,STL,36,
Patrick Mazeika,NYM,27,
Max Schrock,CIN,26,
Adrian Sampson,CHC,29,
Anderson Tejeda,TEX,23,
Chase Anderson,PHI,33,$4000000
Merrill Kelly,ARI,32,$4250000
Max Kranick,PIT,23,
Wyatt Mathisen,ARI,27,
Trevor Rogers,MIA,23,
Steven Souza Jr.,LAD,32,
Chadwick Tromp,SFG,26,
Chris Gittens,NYY,27,
Charlie Morton,ATL,37,$15000000
Renato Nunez,DET,27,$100000
Victor Robles,WSN,24,
Daniel Vogelbach,MIL,28,$1400000
Bryse Wilson,2TM,23,
Rob Brantly,NYY,31,
Wil Crowe,PIT,26,
Dexter Fowler,LAA,35,$16500000
Daniel Johnson,CLE,25,
Tim Lopes,MIL,27,
Andrew Romine,CHC,35,$100000
Jake Bauers,2TM,25,
Anthony Bemboom,LAA,31,
John Gant,2TM,28,$2100000
Ryan McKenna,BAL,24,
Yairo Munoz,BOS,26,
Marcell Ozuna,ATL,30,$12000000
Jacob Robson,DET,26,
Josh VanMeter,ARI,26,
Alex Blandino,CIN,28,
Travis Blankenhorn,2TM,24,
Anthony DeSclafani,SFG,31,$6000000
Freddy Peralta,MIL,25,$1234960
Adbert Alzolay,CHC,26,
Ronald Guzman,TEX,26,
Andrew Knizner,STL,26,
Carlos Santana,KCR,35,$7000000
Garrett Stubbs,HOU,28,
Jeff Mathis,ATL,38,$100000
James McCann,NYM,31,$8150000
Matt Moore,PHI,32,
Jose Devers,MIA,21,
Scott Heineman,CIN,28,
Derek Hill,DET,25,
Nick Martini,CHC,31,
Jacob Nottingham,2TM,26,
Chris Paddack,SDP,25,
Pablo Sandoval,ATL,34,$1000000
Brett Anderson,MIL,33,$2500000
Ian Anderson,ATL,23,
Seby Zavala,CHW,27,
Matt Adams,COL,32,
Sandy Alcantara,MIA,25,
Ben Gamel,2TM,29,$100000
Sam Haggerty,SEA,27,
Shed Long,SEA,25,
Hoy Park,2TM,25,
Sebastian Rivero,KCR,22,
Pavin Smith,ARI,25,
Orlando Arcia,2TM,26,$2000000
Trevor Bauer,LAD,30,$40000000
Jorge Bonifacio,PHI,28,
Jake Lamb,2TM,30,$1000000
Jose Lobaton,CHC,36,$100000
Danny Santana,BOS,30,$100000
Chance Sisco,2TM,26,
Alex Wood,SFG,30,$3000000
Miguel Andujar,NYY,26,
Aaron Hicks,NYY,31,$10785714
Alejo Lopez,CIN,25,
Nick Williams,CHW,27,
Mike Ford,NYY,28,
Juan Lagares,LAA,32,$100000
Daniel Robertson,MIL,27,$900000
Austin Romine,CHC,32,$1500000
DJ Stewart,BAL,27,
Eli White,TEX,27,
Tony Wolters,CHC,29,$800000
Willie Calhoun,TEX,26,
Gilberto Celestino,MIN,22,
Michael Chavis,2TM,25,
Zach Eflin,PHI,27,$4450000
Max Moroff,STL,28,
John Nogowski,2TM,28,
Jorge Soler,2TM,29,$8050000
Nomar Mazara,DET,26,$1750000
Kevin Smith,TOR,24,
Aristides Aquino,CIN,27,
Jon Gray,COL,29,$6000000
Adam Haseley,PHI,25,
Cameron Maybin,NYM,34,
Phil Gosselin,LAA,32,$100000
Vimael Machin,OAK,27,
Taylor Trammell,SEA,23,
Jay Bruce,NYY,34,$100000
Jason Martin,TEX,25,
Danny Mendick,CHW,27,
Alec Mills,CHC,29,
Mickey Moniak,PHI,23,
Mark Payton,CIN,29,
Khris Davis,2TM,33,$16750000
Nick Heath,ARI,27,
Scott Schebler,LAA,30,
Johan Camargo,ATL,27,$1360000
Greg Deichmann,CHC,26,
Dustin Fowler,PIT,26,
Khalil Lee,NYM,23,
Tyler Mahle,CIN,26,$2200000
Hernan Perez,WSN,30,$100000
Ildemaro Vargas,3TM,29,
Phillip Evans,PIT,28,
Isaac Paredes,DET,22,
Colton Welker,COL,23,
P J Higgins,CHC,28,
Jorge Alfaro,MIA,28,$2050000
Rodolfo Castro,PIT,22,
Erick Fedde,WSN,28,
Todd Frazier,PIT,35,$100000
Drew Smyly,ATL,32,$11000000
Erik Gonzalez,PIT,29,$1225000
Wilson Ramos,2TM,33,$2000000
Josh Reddick,ARI,34,
Luis Rengifo,LAA,24,
Jonathan Davis,2TM,29,
Nick Senzel,CIN,26,
Aramis Garcia,OAK,28,
Kurt Suzuki,LAA,37,$1500000
Mike Freeman,CIN,33,
Gerardo Parra,WSN,34,$100000
Antonio Senzatela,COL,26,$3000000
Dom Nunez,COL,26,
Matt Joyce,PHI,36,$100000
Sheldon Neuse,LAD,26,
Zack Short,DET,26,
Stevie Wilkerson,BAL,29,
Jared Oliva,PIT,25,
Rowdy Tellez,2TM,26,
Zack Collins,CHW,26,
Alex Jackson,2TM,25,
Cole Tucker,PIT,24,
Miguel Cabrera,DET,38,$30000000
Brian Goodwin,CHW,30,
Cal Raleigh,SEA,24,
Scott Kingery,PHI,27,$4250000
Luke Raley,LAD,26,
Jose Rojas,LAA,28,
Drew Butera,LAA,37,
Henry Ramos,ARI,29,
Luis Campusano,SDP,22,
Ka Tom,2TM,27,
Kean Wong,LAA,26,
David Bote,CHC,28,$1010000
Will Craig,PIT,26,
Justin Williams,STL,25,
Austin Wynns,BAL,30,
Skye Bolt,2TM,27,
Brent Rooker,MIN,26,
Rio Ruiz,2TM,27,
Yoshi Tsutsugo,3TM,29,$7000000
Vidal Brujan,TBR,23,
Jahmai Jones,BAL,23,
Albert Pujols,2TM,41,$30000000
Travis Shaw,2TM,31,$100000
Evan White,SEA,25,$1300000
JaCoby Jones,DET,29,$2650000
Stephen Piscotty,OAK,30,$7583334
Albert Almora,NYM,27,$100000
Jackie Bradley Jr.,MIL,31,$13000000
Willi Castro,DET,24,
Dominic Smith,NYM,26,$2550000
Franchy Cordero,BOS,26,
Adam Eaton,2TM,32,$7000000
Eric Sogard,CHC,35,$100000
Jarren Duran,BOS,24,
José Iglesias,2TM,31,
Jose Marmolejos,SEA,28,
Cristian Pache,ATL,22,
Eugenio Suarez,CIN,29,$10785714
Justin Upton,LAA,33,$23000000
Curtis Terry,TEX,24,
Drew Ellis,ARI,25,
Max Scherzer,2TM,36,$34503480
Michael Perez,PIT,28,
Andrew Young,ARI,27,
Willians Astudillo,MIN,29,
Sandy Leon,MIA,32,$100000
Chad Wallach,MIA,29,
Edwin Rios,LAD,27,
Robel Garcia,HOU,28,
Didi Gregorius,PHI,31,$12750000
Jason Vosler,SFG,27,
Abraham Almonte,ATL,32,$570000
Marwin Gonzalez,2TM,32,$3000000
Jake Cave,MIN,28,
Zach McKinstry,LAD,26,
Tim Locastro,2TM,28,
Kevan Smith,2TM,33,
Ryan O Hearn,KCR,27,
David Dahl,TEX,27,$2700000
Richie Martin,BAL,26,
Keston Hiura,MIL,24,
Carter Kieboom,WSN,23,
Mike Moustakas,CIN,32,$14000000
Matt Carpenter,STL,35,$18500000
Shogo Akiyama,CIN,33,$7000000
Owen Miller,CLE,24,
Domingo Leyba,2TM,25,
Gregory Polanco,PIT,29,$11600000
Alec Bohm,PHI,24,
Clint Frazier,NYY,26,$2100000
Isan Diaz,MIA,25,
Andrew Knapp,PHI,29,$1100000
Joe Panik,2TM,30,$100000
Cody Bellinger,LAD,25,$16100000
Maikel Franco,BAL,28,$800000
Jarred Kelenic,SEA,21,
Pat Valaika,BAL,28,$875000
Hunter Dozier,KCR,29,$2500000
Mario Feliciano,MIL,22,
Tyler Ladendorf,CHC,33,
Otto Lopez,TOR,22,
David Phelps,TOR,34,$1750000
Cody Wilson,WSN,24,
